site_id,name,latitude,longitude
145,MANILA,14.58,120.97
260,JOLO,6.07,121.00
394,CEBU,10.30,123.92
522,LEGASPI,13.15,123.75
537,DAVAO,7.08,125.63
664,TACLOBAN,11.25,125.00
1708,SURIGAO,9.78,125.50
1711,SAN_JOSE,12.33,121.08
1733,KOTA_KINABALU,5.98,116.07
1734,TAWAU,4.23,117.88
1834,SANDAKAN,5.81,118.07
1877,LAHAT_DATU,5.02,118.35
1006901160,grid_21.0_116.0,21.00,116.00
1006901170,grid_21.0_117.0,21.00,117.00
1006901180,grid_21.0_118.0,21.00,118.00
1006901190,grid_21.0_119.0,21.00,119.00
1006901200,grid_21.0_120.0,21.00,120.00
1006901210,grid_21.0_121.0,21.00,121.00
1006901220,grid_21.0_122.0,21.00,122.00
1006901230,grid_21.0_123.0,21.00,123.00
1006901240,grid_21.0_124.0,21.00,124.00
1006901250,grid_21.0_125.0,21.00,125.00
1006901260,grid_21.0_126.0,21.00,126.00
1006901270,grid_21.0_127.0,21.00,127.00
1007001160,grid_20.0_116.0,20.00,116.00
1007001170,grid_20.0_117.0,20.00,117.00
1007001180,grid_20.0_118.0,20.00,118.00
1007001190,grid_20.0_119.0,20.00,119.00
1007001200,grid_20.0_120.0,20.00,120.00
1007001210,grid_20.0_121.0,20.00,121.00
1007001220,grid_20.0_122.0,20.00,122.00
1007001230,grid_20.0_123.0,20.00,123.00
1007001240,grid_20.0_124.0,20.00,124.00
1007001250,grid_20.0_125.0,20.00,125.00
1007001260,grid_20.0_126.0,20.00,126.00
1007001270,grid_20.0_127.0,20.00,127.00
1007101160,grid_19.0_116.0,19.00,116.00
1007101170,grid_19.0_117.0,19.00,117.00
1007101180,grid_19.0_118.0,19.00,118.00
1007101190,grid_19.0_119.0,19.00,119.00
1007101200,grid_19.0_120.0,19.00,120.00
1007101210,grid_19.0_121.0,19.00,121.00
1007101220,grid_19.0_122.0,19.00,122.00
1007101230,grid_19.0_123.0,19.00,123.00
1007101240,grid_19.0_124.0,19.00,124.00
1007101250,grid_19.0_125.0,19.00,125.00
1007101260,grid_19.0_126.0,19.00,126.00
1007101270,grid_19.0_127.0,19.00,127.00
1007201160,grid_18.0_116.0,18.00,116.00
1007201170,grid_18.0_117.0,18.00,117.00
1007201180,grid_18.0_118.0,18.00,118.00
1007201190,grid_18.0_119.0,18.00,119.00
1007201200,grid_18.0_120.0,18.00,120.00
1007201210,grid_18.0_121.0,18.00,121.00
1007201220,grid_18.0_122.0,18.00,122.00
1007201230,grid_18.0_123.0,18.00,123.00
1007201240,grid_18.0_124.0,18.00,124.00
1007201250,grid_18.0_125.0,18.00,125.00
1007201260,grid_18.0_126.0,18.00,126.00
1007201270,grid_18.0_127.0,18.00,127.00
1007301160,grid_17.0_116.0,17.00,116.00
1007301170,grid_17.0_117.0,17.00,117.00
1007301180,grid_17.0_118.0,17.00,118.00
1007301190,grid_17.0_119.0,17.00,119.00
1007301200,grid_17.0_120.0,17.00,120.00
1007301210,grid_17.0_121.0,17.00,121.00
1007301220,grid_17.0_122.0,17.00,122.00
1007301230,grid_17.0_123.0,17.00,123.00
1007301240,grid_17.0_124.0,17.00,124.00
1007301250,grid_17.0_125.0,17.00,125.00
1007301260,grid_17.0_126.0,17.00,126.00
1007301270,grid_17.0_127.0,17.00,127.00
1007401160,grid_16.0_116.0,16.00,116.00
1007401170,grid_16.0_117.0,16.00,117.00
1007401180,grid_16.0_118.0,16.00,118.00
1007401190,grid_16.0_119.0,16.00,119.00
1007401200,grid_16.0_120.0,16.00,120.00
1007401210,grid_16.0_121.0,16.00,121.00
1007401220,grid_16.0_122.0,16.00,122.00
1007401230,grid_16.0_123.0,16.00,123.00
1007401240,grid_16.0_124.0,16.00,124.00
1007401250,grid_16.0_125.0,16.00,125.00
1007401260,grid_16.0_126.0,16.00,126.00
1007401270,grid_16.0_127.0,16.00,127.00
1007501160,grid_15.0_116.0,15.00,116.00
1007501170,grid_15.0_117.0,15.00,117.00
1007501180,grid_15.0_118.0,15.00,118.00
1007501190,grid_15.0_119.0,15.00,119.00
1007501200,grid_15.0_120.0,15.00,120.00
1007501210,grid_15.0_121.0,15.00,121.00
1007501220,grid_15.0_122.0,15.00,122.00
1007501230,grid_15.0_123.0,15.00,123.00
1007501240,grid_15.0_124.0,15.00,124.00
1007501250,grid_15.0_125.0,15.00,125.00
1007501260,grid_15.0_126.0,15.00,126.00
1007501270,grid_15.0_127.0,15.00,127.00
1007601160,grid_14.0_116.0,14.00,116.00
1007601170,grid_14.0_117.0,14.00,117.00
1007601180,grid_14.0_118.0,14.00,118.00
1007601190,grid_14.0_119.0,14.00,119.00
1007601200,grid_14.0_120.0,14.00,120.00
1007601210,grid_14.0_121.0,14.00,121.00
1007601220,grid_14.0_122.0,14.00,122.00
1007601230,grid_14.0_123.0,14.00,123.00
1007601240,grid_14.0_124.0,14.00,124.00
1007601250,grid_14.0_125.0,14.00,125.00
1007601260,grid_14.0_126.0,14.00,126.00
1007601270,grid_14.0_127.0,14.00,127.00
1007701160,grid_13.0_116.0,13.00,116.00
1007701170,grid_13.0_117.0,13.00,117.00
1007701180,grid_13.0_118.0,13.00,118.00
1007701190,grid_13.0_119.0,13.00,119.00
1007701200,grid_13.0_120.0,13.00,120.00
1007701210,grid_13.0_121.0,13.00,121.00
1007701220,grid_13.0_122.0,13.00,122.00
1007701230,grid_13.0_123.0,13.00,123.00
1007701240,grid_13.0_124.0,13.00,124.00
1007701250,grid_13.0_125.0,13.00,125.00
1007701260,grid_13.0_126.0,13.00,126.00
1007701270,grid_13.0_127.0,13.00,127.00
1007801160,grid_12.0_116.0,12.00,116.00
1007801170,grid_12.0_117.0,12.00,117.00
1007801180,grid_12.0_118.0,12.00,118.00
1007801190,grid_12.0_119.0,12.00,119.00
1007801200,grid_12.0_120.0,12.00,120.00
1007801210,grid_12.0_121.0,12.00,121.00
1007801220,grid_12.0_122.0,12.00,122.00
1007801230,grid_12.0_123.0,12.00,123.00
1007801240,grid_12.0_124.0,12.00,124.00
1007801250,grid_12.0_125.0,12.00,125.00
1007801260,grid_12.0_126.0,12.00,126.00
1007801270,grid_12.0_127.0,12.00,127.00
1007901160,grid_11.0_116.0,11.00,116.00
1007901170,grid_11.0_117.0,11.00,117.00
1007901180,grid_11.0_118.0,11.00,118.00
1007901190,grid_11.0_119.0,11.00,119.00
1007901200,grid_11.0_120.0,11.00,120.00
1007901210,grid_11.0_121.0,11.00,121.00
1007901220,grid_11.0_122.0,11.00,122.00
1007901230,grid_11.0_123.0,11.00,123.00
1007901240,grid_11.0_124.0,11.00,124.00
1007901250,grid_11.0_125.0,11.00,125.00
1007901260,grid_11.0_126.0,11.00,126.00
1007901270,grid_11.0_127.0,11.00,127.00
1008001160,grid_10.0_116.0,10.00,116.00
1008001170,grid_10.0_117.0,10.00,117.00
1008001180,grid_10.0_118.0,10.00,118.00
1008001190,grid_10.0_119.0,10.00,119.00
1008001200,grid_10.0_120.0,10.00,120.00
1008001210,grid_10.0_121.0,10.00,121.00
1008001220,grid_10.0_122.0,10.00,122.00
1008001230,grid_10.0_123.0,10.00,123.00
1008001240,grid_10.0_124.0,10.00,124.00
1008001250,grid_10.0_125.0,10.00,125.00
1008001260,grid_10.0_126.0,10.00,126.00
1008001270,grid_10.0_127.0,10.00,127.00
1008101160,grid_9.0_116.0,9.00,116.00
1008101170,grid_9.0_117.0,9.00,117.00
1008101180,grid_9.0_118.0,9.00,118.00
1008101190,grid_9.0_119.0,9.00,119.00
1008101200,grid_9.0_120.0,9.00,120.00
1008101210,grid_9.0_121.0,9.00,121.00
1008101220,grid_9.0_122.0,9.00,122.00
1008101230,grid_9.0_123.0,9.00,123.00
1008101240,grid_9.0_124.0,9.00,124.00
1008101250,grid_9.0_125.0,9.00,125.00
1008101260,grid_9.0_126.0,9.00,126.00
1008101270,grid_9.0_127.0,9.00,127.00
1008201160,grid_8.0_116.0,8.00,116.00
1008201170,grid_8.0_117.0,8.00,117.00
1008201180,grid_8.0_118.0,8.00,118.00
1008201190,grid_8.0_119.0,8.00,119.00
1008201200,grid_8.0_120.0,8.00,120.00
1008201210,grid_8.0_121.0,8.00,121.00
1008201220,grid_8.0_122.0,8.00,122.00
1008201230,grid_8.0_123.0,8.00,123.00
1008201240,grid_8.0_124.0,8.00,124.00
1008201250,grid_8.0_125.0,8.00,125.00
1008201260,grid_8.0_126.0,8.00,126.00
1008201270,grid_8.0_127.0,8.00,127.00
1008301160,grid_7.0_116.0,7.00,116.00
1008301170,grid_7.0_117.0,7.00,117.00
1008301180,grid_7.0_118.0,7.00,118.00
1008301190,grid_7.0_119.0,7.00,119.00
1008301200,grid_7.0_120.0,7.00,120.00
1008301210,grid_7.0_121.0,7.00,121.00
1008301220,grid_7.0_122.0,7.00,122.00
1008301230,grid_7.0_123.0,7.00,123.00
1008301240,grid_7.0_124.0,7.00,124.00
1008301250,grid_7.0_125.0,7.00,125.00
1008301260,grid_7.0_126.0,7.00,126.00
1008301270,grid_7.0_127.0,7.00,127.00
1008401160,grid_6.0_116.0,6.00,116.00
1008401170,grid_6.0_117.0,6.00,117.00
1008401180,grid_6.0_118.0,6.00,118.00
1008401190,grid_6.0_119.0,6.00,119.00
1008401200,grid_6.0_120.0,6.00,120.00
1008401210,grid_6.0_121.0,6.00,121.00
1008401220,grid_6.0_122.0,6.00,122.00
1008401230,grid_6.0_123.0,6.00,123.00
1008401240,grid_6.0_124.0,6.00,124.00
1008401250,grid_6.0_125.0,6.00,125.00
1008401260,grid_6.0_126.0,6.00,126.00
1008401270,grid_6.0_127.0,6.00,127.00
1008501160,grid_5.0_116.0,5.00,116.00
1008501170,grid_5.0_117.0,5.00,117.00
1008501180,grid_5.0_118.0,5.00,118.00
1008501190,grid_5.0_119.0,5.00,119.00
1008501200,grid_5.0_120.0,5.00,120.00
1008501210,grid_5.0_121.0,5.00,121.00
1008501220,grid_5.0_122.0,5.00,122.00
1008501230,grid_5.0_123.0,5.00,123.00
1008501240,grid_5.0_124.0,5.00,124.00
1008501250,grid_5.0_125.0,5.00,125.00
1008501260,grid_5.0_126.0,5.00,126.00
1008501270,grid_5.0_127.0,5.00,127.00
1008601160,grid_4.0_116.0,4.00,116.00
1008601170,grid_4.0_117.0,4.00,117.00
1008601180,grid_4.0_118.0,4.00,118.00
1008601190,grid_4.0_119.0,4.00,119.00
1008601200,grid_4.0_120.0,4.00,120.00
1008601210,grid_4.0_121.0,4.00,121.00
1008601220,grid_4.0_122.0,4.00,122.00
1008601230,grid_4.0_123.0,4.00,123.00
1008601240,grid_4.0_124.0,4.00,124.00
1008601250,grid_4.0_125.0,4.00,125.00
1008601260,grid_4.0_126.0,4.00,126.00
1008601270,grid_4.0_127.0,4.00,127.00
